[
	{
		"artifactId": "kotlin-stdlib",
		"groupId": "org.jetbrains.kotlin",
		"scope": "compile",
		"versionName": "1.7.0"
	},
	{
		"artifactId": "appcompat",
		"groupId": "androidx.appcompat",
		"scope": "compile",
		"versionName": "1.4.2"
	},
	{
		"artifactId": "material",
		"groupId": "com.google.android.material",
		"scope": "compile",
		"versionName": "1.6.1"
	},
	{
		"artifactId": "constraintlayout",
		"groupId": "androidx.constraintlayout",
		"scope": "compile",
		"versionName": "2.1.4"
	}
]
